{"flutter":{"platforms":{"android":{"default":{"projectId":"bloodachintha","appId":"1:634152380641:android:b1365d6e9c7a3d82742fa0","fileOutput":"android/app/google-services.json"}},"dart":{"lib/firebase_options.dart":{"projectId":"bloodachintha","configurations":{"android":"1:634152380641:android:b1365d6e9c7a3d82742fa0","ios":"1:634152380641:ios:5244075225ee2e6c742fa0","macos":"1:634152380641:ios:5244075225ee2e6c742fa0","web":"1:634152380641:web:e5e6f9d5fc308832742fa0","windows":"1:634152380641:web:c56f50016a9aa368742fa0"}}}}}}